[{"model": "contenttypes.contenttype", "pk": 1, "fields": {"app_label": "admin", "model": "logentry"}}, {"model": "contenttypes.contenttype", "pk": 2, "fields": {"app_label": "auth", "model": "permission"}}, {"model": "contenttypes.contenttype", "pk": 3, "fields": {"app_label": "auth", "model": "group"}}, {"model": "contenttypes.contenttype", "pk": 4, "fields": {"app_label": "contenttypes", "model": "contenttype"}}, {"model": "contenttypes.contenttype", "pk": 5, "fields": {"app_label": "sessions", "model": "session"}}, {"model": "contenttypes.contenttype", "pk": 6, "fields": {"app_label": "store", "model": "user"}}, {"model": "contenttypes.contenttype", "pk": 7, "fields": {"app_label": "store", "model": "category"}}, {"model": "contenttypes.contenttype", "pk": 8, "fields": {"app_label": "store", "model": "product"}}, {"model": "contenttypes.contenttype", "pk": 9, "fields": {"app_label": "store", "model": "order"}}, {"model": "contenttypes.contenttype", "pk": 10, "fields": {"app_label": "store", "model": "entry"}}, {"model": "contenttypes.contenttype", "pk": 11, "fields": {"app_label": "sites", "model": "site"}}, {"model": "contenttypes.contenttype", "pk": 12, "fields": {"app_label": "account", "model": "emailaddress"}}, {"model": "contenttypes.contenttype", "pk": 13, "fields": {"app_label": "account", "model": "emailconfirmation"}}, {"model": "contenttypes.contenttype", "pk": 14, "fields": {"app_label": "socialaccount", "model": "socialaccount"}}, {"model": "contenttypes.contenttype", "pk": 15, "fields": {"app_label": "socialaccount", "model": "socialapp"}}, {"model": "contenttypes.contenttype", "pk": 16, "fields": {"app_label": "socialaccount", "model": "socialtoken"}}, {"model": "sessions.session", "pk": "gn7nnxf4zgzlxg643h7wzpc03txfttvn", "fields": {"session_data": "ZTI1NDM2NjE1MmRmMTUyYzFlYThhNDRhOTdkZTc2ZDYwZWFmZDBlYTp7Il9hdXRoX3VzZXJfaWQiOiIxIiwiX2F1dGhfdXNlcl9iYWNrZW5kIjoiZGphbmdvLmNvbnRyaWIuYXV0aC5iYWNrZW5kcy5Nb2RlbEJhY2tlbmQiLCJfYXV0aF91c2VyX2hhc2giOiJmOWJkYTExYTVjZGZlYzJkODYyMDI5OTczZjM5OWU4NmUxYjgzYmQ4IiwiY2FydCI6e319", "expire_date": "2019-07-18T16:12:58.854Z"}}, {"model": "sites.site", "pk": 1, "fields": {"domain": "example.com", "name": "example.com"}}, {"model": "store.category", "pk": 1, "fields": {"name": "Notebook", "description": "Laptop computers"}}, {"model": "store.category", "pk": 2, "fields": {"name": "Phone", "description": "iPhones and Androids"}}, {"model": "store.category", "pk": 3, "fields": {"name": "Watch", "description": "Digital hand watch devices"}}, {"model": "store.category", "pk": 4, "fields": {"name": "GPS", "description": "For positioning"}}, {"model": "store.category", "pk": 5, "fields": {"name": "Printers", "description": "The standard printing devices"}}, {"model": "store.product", "pk": 1, "fields": {"name": "iPhone XS", "category": 2, "description": "The Apple latest and best mobile device.", "photo": "products/xs.jpg", "price": "999.00"}}, {"model": "store.product", "pk": 2, "fields": {"name": "Macbook Pro", "category": 1, "description": "The ultimate laptop by Apple", "photo": "products/MB_Pro.jpg", "price": "2499.00"}}, {"model": "store.product", "pk": 3, "fields": {"name": "Dell XPS 15", "category": 1, "description": "Dell's flagship device.\r\nThe new version", "photo": "products/dscf7945_final-100772884-large.jpg", "price": "2200.00"}}, {"model": "store.product", "pk": 4, "fields": {"name": "Samsung S10", "category": 2, "description": "The Samsung new flagship device", "photo": "products/S10.jpg", "price": "899.00"}}, {"model": "store.product", "pk": 5, "fields": {"name": "Gn-131", "category": 3, "description": "Super tiny hand band by famous manufacturer", "photo": "products/clock.png", "price": "129.00"}}, {"model": "store.product", "pk": 6, "fields": {"name": "Tobii H-11", "category": 4, "description": "Great device to not get lost. Really pro tech", "photo": "products/Tobii.png", "price": "450.00"}}, {"model": "store.product", "pk": 7, "fields": {"name": "Surface", "category": 1, "description": "Microsoft laptop for professionals", "photo": "products/Surface.jpg", "price": "1899.00"}}, {"model": "store.product", "pk": 9, "fields": {"name": "Phonema 5uv", "category": 2, "description": "Cheap stuff by the infamous maker. No picture of that exists.", "photo": "", "price": "19.25"}}, {"model": "store.product", "pk": 10, "fields": {"name": "Canon Pixma MG3670", "category": 5, "description": "Having a printer at home can save you a lot of money.", "photo": "products/printer_canon.jpg", "price": "140.00"}}, {"model": "store.product", "pk": 11, "fields": {"name": "HP OfficeJet Pro 6978", "category": 5, "description": "Supercharge the office with affordable color and fast two-sided performance.", "photo": "products/printer_hp.jpg", "price": "175.00"}}, {"model": "store.product", "pk": 12, "fields": {"name": "TomTom GO 520", "category": 4, "description": "Download maps from around the world at no extra cost for the life of your TomTom GO.", "photo": "products/71Rhos2vpoL._SL1500_.jpg", "price": "162.50"}}, {"model": "store.product", "pk": 13, "fields": {"name": "Fitbit Versa", "category": 3, "description": "Includes all Versa Lite Edition and Versa features", "photo": "products/fitbit-versa.jpg", "price": "220.00"}}, {"model": "store.entry", "pk": 128, "fields": {"order": 65, "product": 7, "quantity": 1}}, {"model": "store.entry", "pk": 129, "fields": {"order": 65, "product": 4, "quantity": 3}}, {"model": "store.entry", "pk": 130, "fields": {"order": 65, "product": 3, "quantity": 2}}, {"model": "store.entry", "pk": 131, "fields": {"order": 65, "product": 2, "quantity": 1}}, {"model": "store.entry", "pk": 132, "fields": {"order": 66, "product": 7, "quantity": 1}}, {"model": "store.entry", "pk": 133, "fields": {"order": 66, "product": 4, "quantity": 3}}, {"model": "store.entry", "pk": 134, "fields": {"order": 66, "product": 3, "quantity": 2}}, {"model": "store.entry", "pk": 135, "fields": {"order": 66, "product": 2, "quantity": 3}}, {"model": "store.entry", "pk": 136, "fields": {"order": 66, "product": 1, "quantity": 1}}, {"model": "store.entry", "pk": 137, "fields": {"order": 67, "product": 7, "quantity": 2}}, {"model": "store.entry", "pk": 138, "fields": {"order": 67, "product": 6, "quantity": 1}}, {"model": "store.entry", "pk": 139, "fields": {"order": 68, "product": 5, "quantity": 2}}, {"model": "store.entry", "pk": 140, "fields": {"order": 69, "product": 2, "quantity": 1}}, {"model": "store.entry", "pk": 141, "fields": {"order": 69, "product": 3, "quantity": 2}}, {"model": "store.entry", "pk": 142, "fields": {"order": 70, "product": 2, "quantity": 1}}, {"model": "store.entry", "pk": 143, "fields": {"order": 70, "product": 1, "quantity": 1}}, {"model": "store.entry", "pk": 144, "fields": {"order": 71, "product": 2, "quantity": 2}}, {"model": "store.entry", "pk": 145, "fields": {"order": 71, "product": 1, "quantity": 1}}, {"model": "store.entry", "pk": 146, "fields": {"order": 72, "product": 2, "quantity": 1}}, {"model": "store.entry", "pk": 147, "fields": {"order": 72, "product": 7, "quantity": 1}}, {"model": "store.entry", "pk": 152, "fields": {"order": 75, "product": 5, "quantity": 2}}, {"model": "store.entry", "pk": 153, "fields": {"order": 75, "product": 4, "quantity": 1}}, {"model": "store.entry", "pk": 154, "fields": {"order": 76, "product": 9, "quantity": 1}}, {"model": "store.entry", "pk": 155, "fields": {"order": 76, "product": 3, "quantity": 1}}, {"model": "store.entry", "pk": 156, "fields": {"order": 77, "product": 3, "quantity": 2}}, {"model": "store.entry", "pk": 157, "fields": {"order": 77, "product": 2, "quantity": 3}}, {"model": "store.entry", "pk": 158, "fields": {"order": 77, "product": 9, "quantity": 2}}, {"model": "store.entry", "pk": 159, "fields": {"order": 78, "product": 5, "quantity": 1}}, {"model": "store.entry", "pk": 160, "fields": {"order": 78, "product": 4, "quantity": 2}}, {"model": "store.entry", "pk": 161, "fields": {"order": 78, "product": 6, "quantity": 1}}, {"model": "store.entry", "pk": 162, "fields": {"order": 78, "product": 2, "quantity": 2}}, {"model": "store.entry", "pk": 163, "fields": {"order": 78, "product": 7, "quantity": 1}}, {"model": "store.entry", "pk": 164, "fields": {"order": 79, "product": 4, "quantity": 3}}, {"model": "store.entry", "pk": 165, "fields": {"order": 79, "product": 3, "quantity": 1}}, {"model": "store.entry", "pk": 166, "fields": {"order": 80, "product": 1, "quantity": 2}}, {"model": "store.entry", "pk": 167, "fields": {"order": 80, "product": 7, "quantity": 1}}, {"model": "store.entry", "pk": 168, "fields": {"order": 80, "product": 5, "quantity": 1}}, {"model": "store.entry", "pk": 169, "fields": {"order": 81, "product": 9, "quantity": 2}}, {"model": "store.entry", "pk": 170, "fields": {"order": 82, "product": 6, "quantity": 1}}, {"model": "store.entry", "pk": 171, "fields": {"order": 83, "product": 2, "quantity": 1}}, {"model": "store.entry", "pk": 172, "fields": {"order": 84, "product": 3, "quantity": 2}}, {"model": "store.entry", "pk": 187, "fields": {"order": 92, "product": 5, "quantity": 1}}, {"model": "store.entry", "pk": 188, "fields": {"order": 92, "product": 2, "quantity": 1}}, {"model": "store.entry", "pk": 189, "fields": {"order": 92, "product": 11, "quantity": 2}}, {"model": "store.entry", "pk": 190, "fields": {"order": 93, "product": 4, "quantity": 3}}, {"model": "store.entry", "pk": 191, "fields": {"order": 94, "product": 3, "quantity": 1}}, {"model": "store.entry", "pk": 192, "fields": {"order": 94, "product": 4, "quantity": 2}}, {"model": "store.entry", "pk": 193, "fields": {"order": 94, "product": 6, "quantity": 1}}, {"model": "store.entry", "pk": 194, "fields": {"order": 95, "product": 2, "quantity": 3}}, {"model": "store.entry", "pk": 195, "fields": {"order": 96, "product": 2, "quantity": 1}}, {"model": "store.entry", "pk": 196, "fields": {"order": 96, "product": 3, "quantity": 1}}, {"model": "store.entry", "pk": 197, "fields": {"order": 97, "product": 5, "quantity": 1}}, {"model": "store.entry", "pk": 198, "fields": {"order": 97, "product": 2, "quantity": 1}}, {"model": "store.entry", "pk": 199, "fields": {"order": 98, "product": 2, "quantity": 1}}, {"model": "store.entry", "pk": 200, "fields": {"order": 98, "product": 3, "quantity": 4}}, {"model": "store.entry", "pk": 201, "fields": {"order": 98, "product": 4, "quantity": 3}}, {"model": "store.entry", "pk": 202, "fields": {"order": 98, "product": 1, "quantity": 1}}, {"model": "store.entry", "pk": 203, "fields": {"order": 98, "product": 5, "quantity": 2}}, {"model": "store.entry", "pk": 204, "fields": {"order": 99, "product": 3, "quantity": 3}}, {"model": "store.entry", "pk": 205, "fields": {"order": 99, "product": 4, "quantity": 1}}, {"model": "store.entry", "pk": 206, "fields": {"order": 100, "product": 10, "quantity": 1}}, {"model": "store.entry", "pk": 207, "fields": {"order": 100, "product": 5, "quantity": 2}}, {"model": "store.entry", "pk": 208, "fields": {"order": 101, "product": 1, "quantity": 3}}, {"model": "store.entry", "pk": 209, "fields": {"order": 101, "product": 3, "quantity": 1}}, {"model": "auth.permission", "pk": 1, "fields": {"name": "Can add log entry", "content_type": 1, "codename": "add_logentry"}}, {"model": "auth.permission", "pk": 2, "fields": {"name": "Can change log entry", "content_type": 1, "codename": "change_logentry"}}, {"model": "auth.permission", "pk": 3, "fields": {"name": "Can delete log entry", "content_type": 1, "codename": "delete_logentry"}}, {"model": "auth.permission", "pk": 4, "fields": {"name": "Can view log entry", "content_type": 1, "codename": "view_logentry"}}, {"model": "auth.permission", "pk": 5, "fields": {"name": "Can add permission", "content_type": 2, "codename": "add_permission"}}, {"model": "auth.permission", "pk": 6, "fields": {"name": "Can change permission", "content_type": 2, "codename": "change_permission"}}, {"model": "auth.permission", "pk": 7, "fields": {"name": "Can delete permission", "content_type": 2, "codename": "delete_permission"}}, {"model": "auth.permission", "pk": 8, "fields": {"name": "Can view permission", "content_type": 2, "codename": "view_permission"}}, {"model": "auth.permission", "pk": 9, "fields": {"name": "Can add group", "content_type": 3, "codename": "add_group"}}, {"model": "auth.permission", "pk": 10, "fields": {"name": "Can change group", "content_type": 3, "codename": "change_group"}}, {"model": "auth.permission", "pk": 11, "fields": {"name": "Can delete group", "content_type": 3, "codename": "delete_group"}}, {"model": "auth.permission", "pk": 12, "fields": {"name": "Can view group", "content_type": 3, "codename": "view_group"}}, {"model": "auth.permission", "pk": 13, "fields": {"name": "Can add content type", "content_type": 4, "codename": "add_contenttype"}}, {"model": "auth.permission", "pk": 14, "fields": {"name": "Can change content type", "content_type": 4, "codename": "change_contenttype"}}, {"model": "auth.permission", "pk": 15, "fields": {"name": "Can delete content type", "content_type": 4, "codename": "delete_contenttype"}}, {"model": "auth.permission", "pk": 16, "fields": {"name": "Can view content type", "content_type": 4, "codename": "view_contenttype"}}, {"model": "auth.permission", "pk": 17, "fields": {"name": "Can add session", "content_type": 5, "codename": "add_session"}}, {"model": "auth.permission", "pk": 18, "fields": {"name": "Can change session", "content_type": 5, "codename": "change_session"}}, {"model": "auth.permission", "pk": 19, "fields": {"name": "Can delete session", "content_type": 5, "codename": "delete_session"}}, {"model": "auth.permission", "pk": 20, "fields": {"name": "Can view session", "content_type": 5, "codename": "view_session"}}, {"model": "auth.permission", "pk": 21, "fields": {"name": "Can add user", "content_type": 6, "codename": "add_user"}}, {"model": "auth.permission", "pk": 22, "fields": {"name": "Can change user", "content_type": 6, "codename": "change_user"}}, {"model": "auth.permission", "pk": 23, "fields": {"name": "Can delete user", "content_type": 6, "codename": "delete_user"}}, {"model": "auth.permission", "pk": 24, "fields": {"name": "Can view user", "content_type": 6, "codename": "view_user"}}, {"model": "auth.permission", "pk": 25, "fields": {"name": "Can add category", "content_type": 7, "codename": "add_category"}}, {"model": "auth.permission", "pk": 26, "fields": {"name": "Can change category", "content_type": 7, "codename": "change_category"}}, {"model": "auth.permission", "pk": 27, "fields": {"name": "Can delete category", "content_type": 7, "codename": "delete_category"}}, {"model": "auth.permission", "pk": 28, "fields": {"name": "Can view category", "content_type": 7, "codename": "view_category"}}, {"model": "auth.permission", "pk": 29, "fields": {"name": "Can add product", "content_type": 8, "codename": "add_product"}}, {"model": "auth.permission", "pk": 30, "fields": {"name": "Can change product", "content_type": 8, "codename": "change_product"}}, {"model": "auth.permission", "pk": 31, "fields": {"name": "Can delete product", "content_type": 8, "codename": "delete_product"}}, {"model": "auth.permission", "pk": 32, "fields": {"name": "Can view product", "content_type": 8, "codename": "view_product"}}, {"model": "auth.permission", "pk": 33, "fields": {"name": "Can add order", "content_type": 9, "codename": "add_order"}}, {"model": "auth.permission", "pk": 34, "fields": {"name": "Can change order", "content_type": 9, "codename": "change_order"}}, {"model": "auth.permission", "pk": 35, "fields": {"name": "Can delete order", "content_type": 9, "codename": "delete_order"}}, {"model": "auth.permission", "pk": 36, "fields": {"name": "Can view order", "content_type": 9, "codename": "view_order"}}, {"model": "auth.permission", "pk": 37, "fields": {"name": "Can add entry", "content_type": 10, "codename": "add_entry"}}, {"model": "auth.permission", "pk": 38, "fields": {"name": "Can change entry", "content_type": 10, "codename": "change_entry"}}, {"model": "auth.permission", "pk": 39, "fields": {"name": "Can delete entry", "content_type": 10, "codename": "delete_entry"}}, {"model": "auth.permission", "pk": 40, "fields": {"name": "Can view entry", "content_type": 10, "codename": "view_entry"}}, {"model": "auth.permission", "pk": 41, "fields": {"name": "Can add site", "content_type": 11, "codename": "add_site"}}, {"model": "auth.permission", "pk": 42, "fields": {"name": "Can change site", "content_type": 11, "codename": "change_site"}}, {"model": "auth.permission", "pk": 43, "fields": {"name": "Can delete site", "content_type": 11, "codename": "delete_site"}}, {"model": "auth.permission", "pk": 44, "fields": {"name": "Can view site", "content_type": 11, "codename": "view_site"}}, {"model": "auth.permission", "pk": 45, "fields": {"name": "Can add email address", "content_type": 12, "codename": "add_emailaddress"}}, {"model": "auth.permission", "pk": 46, "fields": {"name": "Can change email address", "content_type": 12, "codename": "change_emailaddress"}}, {"model": "auth.permission", "pk": 47, "fields": {"name": "Can delete email address", "content_type": 12, "codename": "delete_emailaddress"}}, {"model": "auth.permission", "pk": 48, "fields": {"name": "Can view email address", "content_type": 12, "codename": "view_emailaddress"}}, {"model": "auth.permission", "pk": 49, "fields": {"name": "Can add email confirmation", "content_type": 13, "codename": "add_emailconfirmation"}}, {"model": "auth.permission", "pk": 50, "fields": {"name": "Can change email confirmation", "content_type": 13, "codename": "change_emailconfirmation"}}, {"model": "auth.permission", "pk": 51, "fields": {"name": "Can delete email confirmation", "content_type": 13, "codename": "delete_emailconfirmation"}}, {"model": "auth.permission", "pk": 52, "fields": {"name": "Can view email confirmation", "content_type": 13, "codename": "view_emailconfirmation"}}, {"model": "auth.permission", "pk": 53, "fields": {"name": "Can add social account", "content_type": 14, "codename": "add_socialaccount"}}, {"model": "auth.permission", "pk": 54, "fields": {"name": "Can change social account", "content_type": 14, "codename": "change_socialaccount"}}, {"model": "auth.permission", "pk": 55, "fields": {"name": "Can delete social account", "content_type": 14, "codename": "delete_socialaccount"}}, {"model": "auth.permission", "pk": 56, "fields": {"name": "Can view social account", "content_type": 14, "codename": "view_socialaccount"}}, {"model": "auth.permission", "pk": 57, "fields": {"name": "Can add social application", "content_type": 15, "codename": "add_socialapp"}}, {"model": "auth.permission", "pk": 58, "fields": {"name": "Can change social application", "content_type": 15, "codename": "change_socialapp"}}, {"model": "auth.permission", "pk": 59, "fields": {"name": "Can delete social application", "content_type": 15, "codename": "delete_socialapp"}}, {"model": "auth.permission", "pk": 60, "fields": {"name": "Can view social application", "content_type": 15, "codename": "view_socialapp"}}, {"model": "auth.permission", "pk": 61, "fields": {"name": "Can add social application token", "content_type": 16, "codename": "add_socialtoken"}}, {"model": "auth.permission", "pk": 62, "fields": {"name": "Can change social application token", "content_type": 16, "codename": "change_socialtoken"}}, {"model": "auth.permission", "pk": 63, "fields": {"name": "Can delete social application token", "content_type": 16, "codename": "delete_socialtoken"}}, {"model": "auth.permission", "pk": 64, "fields": {"name": "Can view social application token", "content_type": 16, "codename": "view_socialtoken"}}, {"model": "store.user", "pk": 1, "fields": {"password": "pbkdf2_sha256$150000$aM3H4FJW4uVO$A7yERHyPXLAcbi9UPHrVQGn/uvWz0GSt4D81EiGOYAo=", "last_login": "2019-07-09T22:12:21.602Z", "is_superuser": true, "email": "nort87@mail.ru", "name": "Victor", "phone": "+79032790985", "is_active": true, "is_staff": true, "groups": [], "user_permissions": []}}, {"model": "store.user", "pk": 23, "fields": {"password": "pbkdf2_sha256$150000$TyPWuJoa0Av7$CzPyRYR3OxpRVr4dc5S9Ft2daI3kCBhySp5/7iHrOy0=", "last_login": "2019-07-08T23:56:38.219Z", "is_superuser": false, "email": "bravi@google.com", "name": "Victor B", "phone": "+79032790985", "is_active": true, "is_staff": false, "groups": [], "user_permissions": []}}, {"model": "store.order", "pk": 65, "fields": {"customer": 1, "address": "Koshkina, 13-1, Moscow, Russia", "date": "2019-07-06T09:19:42.934Z"}}, {"model": "store.order", "pk": 66, "fields": {"customer": 1, "address": "Fonvizina, 12-3, St. Petersburg", "date": "2019-07-06T09:25:20.056Z"}}, {"model": "store.order", "pk": 67, "fields": {"customer": 1, "address": "12", "date": "2019-07-06T09:26:00.126Z"}}, {"model": "store.order", "pk": 68, "fields": {"customer": 1, "address": "11", "date": "2019-07-06T09:27:08.354Z"}}, {"model": "store.order", "pk": 69, "fields": {"customer": 1, "address": "33", "date": "2019-07-06T09:43:00.682Z"}}, {"model": "store.order", "pk": 70, "fields": {"customer": 1, "address": "232", "date": "2019-07-06T09:44:56.512Z"}}, {"model": "store.order", "pk": 71, "fields": {"customer": 1, "address": "141", "date": "2019-07-06T09:45:18.151Z"}}, {"model": "store.order", "pk": 72, "fields": {"customer": 1, "address": "11", "date": "2019-07-06T09:45:39.162Z"}}, {"model": "store.order", "pk": 75, "fields": {"customer": 1, "address": "88", "date": "2019-07-06T10:02:46.133Z"}}, {"model": "store.order", "pk": 76, "fields": {"customer": 1, "address": "56", "date": "2019-07-06T10:17:57.245Z"}}, {"model": "store.order", "pk": 77, "fields": {"customer": 1, "address": "Balaklava, 22-3/1", "date": "2019-07-06T17:40:59.596Z"}}, {"model": "store.order", "pk": 78, "fields": {"customer": 1, "address": "\u0443\u043b\u0438\u0446\u0430 \u041f\u0435\u0442\u0440\u043e\u0432\u043a\u0430, 22 \u043a.1, \u043a\u0432. 89, 4 \u044d\u0442.", "date": "2019-07-06T18:07:06.763Z"}}, {"model": "store.order", "pk": 79, "fields": {"customer": 1, "address": "Koshkina 13-1", "date": "2019-07-07T10:10:35.606Z"}}, {"model": "store.order", "pk": 80, "fields": {"customer": 1, "address": "Jumostreet, 13, New York, NY", "date": "2019-07-07T12:06:44.257Z"}}, {"model": "store.order", "pk": 81, "fields": {"customer": 1, "address": "pp", "date": "2019-07-07T12:09:02.932Z"}}, {"model": "store.order", "pk": 82, "fields": {"customer": 1, "address": "12", "date": "2019-07-07T12:09:20.594Z"}}, {"model": "store.order", "pk": 83, "fields": {"customer": 1, "address": "1", "date": "2019-07-07T12:09:35.505Z"}}, {"model": "store.order", "pk": 84, "fields": {"customer": 1, "address": "44", "date": "2019-07-07T12:10:21.964Z"}}, {"model": "store.order", "pk": 92, "fields": {"customer": 1, "address": "aa1", "date": "2019-07-07T15:32:57.590Z"}}, {"model": "store.order", "pk": 93, "fields": {"customer": 1, "address": "gg", "date": "2019-07-07T15:40:20.407Z"}}, {"model": "store.order", "pk": 94, "fields": {"customer": 1, "address": "KK 80", "date": "2019-07-07T16:22:10.179Z"}}, {"model": "store.order", "pk": 95, "fields": {"customer": 1, "address": "rfr", "date": "2019-07-08T23:38:13.497Z"}}, {"model": "store.order", "pk": 96, "fields": {"customer": 1, "address": "dd", "date": "2019-07-08T23:39:46.670Z"}}, {"model": "store.order", "pk": 97, "fields": {"customer": 1, "address": "dd", "date": "2019-07-08T23:42:59.274Z"}}, {"model": "store.order", "pk": 98, "fields": {"customer": 23, "address": "ffg1", "date": "2019-07-08T23:46:26.794Z"}}, {"model": "store.order", "pk": 99, "fields": {"customer": 23, "address": ";l", "date": "2019-07-08T23:56:44.240Z"}}, {"model": "store.order", "pk": 100, "fields": {"customer": 1, "address": "dfd", "date": "2019-07-09T15:29:43.221Z"}}, {"model": "store.order", "pk": 101, "fields": {"customer": 1, "address": "Popovo, 13", "date": "2019-07-09T15:32:13.145Z"}}, {"model": "account.emailaddress", "pk": 2, "fields": {"user": 1, "email": "nort87@mail.ru", "verified": false, "primary": false}}, {"model": "account.emailaddress", "pk": 22, "fields": {"user": 23, "email": "bravi@google.com", "verified": false, "primary": true}}, {"model": "admin.logentry", "pk": 1, "fields": {"action_time": "2019-07-03T23:22:19.045Z", "user": 1, "content_type": 7, "object_id": "1", "object_repr": "Notebook", "action_flag": 1, "change_message": "[{\"added\": {}}]"}}, {"model": "admin.logentry", "pk": 2, "fields": {"action_time": "2019-07-03T23:22:38.232Z", "user": 1, "content_type": 7, "object_id": "2", "object_repr": "Phones", "action_flag": 1, "change_message": "[{\"added\": {}}]"}}, {"model": "admin.logentry", "pk": 3, "fields": {"action_time": "2019-07-03T23:28:06.741Z", "user": 1, "content_type": 8, "object_id": "1", "object_repr": "iPhone XS", "action_flag": 1, "change_message": "[{\"added\": {}}]"}}, {"model": "admin.logentry", "pk": 4, "fields": {"action_time": "2019-07-03T23:55:39.554Z", "user": 1, "content_type": 6, "object_id": "1", "object_repr": "nort87@mail.ru", "action_flag": 2, "change_message": "[{\"changed\": {\"fields\": [\"name\", \"phone\"]}}]"}}, {"model": "admin.logentry", "pk": 5, "fields": {"action_time": "2019-07-04T00:00:21.363Z", "user": 1, "content_type": 8, "object_id": "2", "object_repr": "Macbook Pro", "action_flag": 1, "change_message": "[{\"added\": {}}]"}}, {"model": "admin.logentry", "pk": 6, "fields": {"action_time": "2019-07-04T00:06:31.877Z", "user": 1, "content_type": 8, "object_id": "3", "object_repr": "Dell XPS 15", "action_flag": 1, "change_message": "[{\"added\": {}}]"}}, {"model": "admin.logentry", "pk": 7, "fields": {"action_time": "2019-07-04T00:07:43.553Z", "user": 1, "content_type": 8, "object_id": "3", "object_repr": "Dell XPS 15", "action_flag": 2, "change_message": "[{\"changed\": {\"fields\": [\"photo\"]}}]"}}, {"model": "admin.logentry", "pk": 8, "fields": {"action_time": "2019-07-04T00:48:46.377Z", "user": 1, "content_type": 8, "object_id": "3", "object_repr": "Dell XPS 15", "action_flag": 2, "change_message": "[{\"changed\": {\"fields\": [\"description\"]}}]"}}, {"model": "admin.logentry", "pk": 9, "fields": {"action_time": "2019-07-04T00:51:47.007Z", "user": 1, "content_type": 8, "object_id": "4", "object_repr": "Samsung S10", "action_flag": 1, "change_message": "[{\"added\": {}}]"}}, {"model": "admin.logentry", "pk": 10, "fields": {"action_time": "2019-07-04T00:53:09.288Z", "user": 1, "content_type": 7, "object_id": "3", "object_repr": "Clock", "action_flag": 1, "change_message": "[{\"added\": {}}]"}}, {"model": "admin.logentry", "pk": 11, "fields": {"action_time": "2019-07-04T00:53:38.290Z", "user": 1, "content_type": 8, "object_id": "5", "object_repr": "Gn-131", "action_flag": 1, "change_message": "[{\"added\": {}}]"}}, {"model": "admin.logentry", "pk": 12, "fields": {"action_time": "2019-07-04T00:54:15.322Z", "user": 1, "content_type": 7, "object_id": "4", "object_repr": "GPS", "action_flag": 1, "change_message": "[{\"added\": {}}]"}}, {"model": "admin.logentry", "pk": 13, "fields": {"action_time": "2019-07-04T00:54:40.924Z", "user": 1, "content_type": 8, "object_id": "6", "object_repr": "Tobii H-11", "action_flag": 1, "change_message": "[{\"added\": {}}]"}}, {"model": "admin.logentry", "pk": 14, "fields": {"action_time": "2019-07-04T00:55:07.224Z", "user": 1, "content_type": 8, "object_id": "7", "object_repr": "Surface", "action_flag": 1, "change_message": "[{\"added\": {}}]"}}, {"model": "admin.logentry", "pk": 15, "fields": {"action_time": "2019-07-04T00:56:56.571Z", "user": 1, "content_type": 8, "object_id": "5", "object_repr": "Gn-131", "action_flag": 2, "change_message": "[{\"changed\": {\"fields\": [\"description\"]}}]"}}, {"model": "admin.logentry", "pk": 16, "fields": {"action_time": "2019-07-04T00:57:25.382Z", "user": 1, "content_type": 8, "object_id": "6", "object_repr": "Tobii H-11", "action_flag": 2, "change_message": "[{\"changed\": {\"fields\": [\"description\"]}}]"}}, {"model": "admin.logentry", "pk": 17, "fields": {"action_time": "2019-07-04T01:03:25.687Z", "user": 1, "content_type": 8, "object_id": "1", "object_repr": "iPhone XS", "action_flag": 2, "change_message": "[{\"changed\": {\"fields\": [\"description\"]}}]"}}, {"model": "admin.logentry", "pk": 18, "fields": {"action_time": "2019-07-04T01:32:10.334Z", "user": 1, "content_type": 8, "object_id": "6", "object_repr": "Tobii H-11", "action_flag": 2, "change_message": "[{\"changed\": {\"fields\": [\"description\"]}}]"}}, {"model": "admin.logentry", "pk": 19, "fields": {"action_time": "2019-07-04T01:32:24.798Z", "user": 1, "content_type": 8, "object_id": "5", "object_repr": "Gn-131", "action_flag": 2, "change_message": "[{\"changed\": {\"fields\": [\"description\"]}}]"}}, {"model": "admin.logentry", "pk": 20, "fields": {"action_time": "2019-07-04T01:32:28.323Z", "user": 1, "content_type": 8, "object_id": "6", "object_repr": "Tobii H-11", "action_flag": 2, "change_message": "[{\"changed\": {\"fields\": [\"description\"]}}]"}}, {"model": "admin.logentry", "pk": 21, "fields": {"action_time": "2019-07-04T01:32:43.236Z", "user": 1, "content_type": 8, "object_id": "1", "object_repr": "iPhone XS", "action_flag": 2, "change_message": "[{\"changed\": {\"fields\": [\"description\"]}}]"}}, {"model": "admin.logentry", "pk": 22, "fields": {"action_time": "2019-07-04T21:33:52.724Z", "user": 1, "content_type": 9, "object_id": "1", "object_repr": "Order object (1)", "action_flag": 1, "change_message": "[{\"added\": {}}]"}}, {"model": "admin.logentry", "pk": 23, "fields": {"action_time": "2019-07-04T21:35:10.057Z", "user": 1, "content_type": 10, "object_id": "1", "object_repr": "Entry object (1)", "action_flag": 1, "change_message": "[{\"added\": {}}]"}}, {"model": "admin.logentry", "pk": 24, "fields": {"action_time": "2019-07-04T21:38:05.879Z", "user": 1, "content_type": 10, "object_id": "2", "object_repr": "1 \u2715 Macbook Pro for Victor at Koshkina 13", "action_flag": 1, "change_message": "[{\"added\": {}}]"}}, {"model": "admin.logentry", "pk": 25, "fields": {"action_time": "2019-07-04T23:37:28.172Z", "user": 1, "content_type": 6, "object_id": "2", "object_repr": "n@gmail.com", "action_flag": 1, "change_message": "[{\"added\": {}}]"}}, {"model": "admin.logentry", "pk": 26, "fields": {"action_time": "2019-07-04T23:38:01.432Z", "user": 1, "content_type": 9, "object_id": "2", "object_repr": "Vici at Filler 22", "action_flag": 1, "change_message": "[{\"added\": {}}]"}}, {"model": "admin.logentry", "pk": 27, "fields": {"action_time": "2019-07-04T23:38:28.318Z", "user": 1, "content_type": 10, "object_id": "3", "object_repr": "1 \u2715 Samsung S10 for Vici at Filler 22", "action_flag": 1, "change_message": "[{\"added\": {}}]"}}, {"model": "admin.logentry", "pk": 28, "fields": {"action_time": "2019-07-04T23:38:38.028Z", "user": 1, "content_type": 10, "object_id": "4", "object_repr": "3 \u2715 Dell XPS 15 for Vici at Filler 22", "action_flag": 1, "change_message": "[{\"added\": {}}]"}}, {"model": "admin.logentry", "pk": 29, "fields": {"action_time": "2019-07-05T02:06:08.477Z", "user": 1, "content_type": 8, "object_id": "8", "object_repr": "Phone Super10", "action_flag": 3, "change_message": ""}}, {"model": "admin.logentry", "pk": 30, "fields": {"action_time": "2019-07-06T05:14:53.699Z", "user": 1, "content_type": 10, "object_id": "37", "object_repr": "1 \u2715 iPhone XS for Victor at Morgan 8", "action_flag": 3, "change_message": ""}}, {"model": "admin.logentry", "pk": 31, "fields": {"action_time": "2019-07-06T05:14:53.709Z", "user": 1, "content_type": 10, "object_id": "36", "object_repr": "2 \u2715 Dell XPS 15 for Victor at Morgan 8", "action_flag": 3, "change_message": ""}}, {"model": "admin.logentry", "pk": 32, "fields": {"action_time": "2019-07-06T05:14:53.717Z", "user": 1, "content_type": 10, "object_id": "35", "object_repr": "1 \u2715 iPhone XS for None", "action_flag": 3, "change_message": ""}}, {"model": "admin.logentry", "pk": 33, "fields": {"action_time": "2019-07-06T05:14:53.751Z", "user": 1, "content_type": 10, "object_id": "34", "object_repr": "2 \u2715 Dell XPS 15 for None", "action_flag": 3, "change_message": ""}}, {"model": "admin.logentry", "pk": 34, "fields": {"action_time": "2019-07-06T05:14:53.759Z", "user": 1, "content_type": 10, "object_id": "33", "object_repr": "1 \u2715 iPhone XS for None", "action_flag": 3, "change_message": ""}}, {"model": "admin.logentry", "pk": 35, "fields": {"action_time": "2019-07-06T05:14:53.767Z", "user": 1, "content_type": 10, "object_id": "32", "object_repr": "2 \u2715 Dell XPS 15 for None", "action_flag": 3, "change_message": ""}}, {"model": "admin.logentry", "pk": 36, "fields": {"action_time": "2019-07-06T05:14:53.775Z", "user": 1, "content_type": 10, "object_id": "31", "object_repr": "1 \u2715 iPhone XS for Victor at Morgan 15", "action_flag": 3, "change_message": ""}}, {"model": "admin.logentry", "pk": 37, "fields": {"action_time": "2019-07-06T05:14:53.783Z", "user": 1, "content_type": 10, "object_id": "30", "object_repr": "2 \u2715 Dell XPS 15 for Victor at Morgan 15", "action_flag": 3, "change_message": ""}}, {"model": "admin.logentry", "pk": 38, "fields": {"action_time": "2019-07-06T05:14:53.792Z", "user": 1, "content_type": 10, "object_id": "29", "object_repr": "1 \u2715 iPhone XS for None", "action_flag": 3, "change_message": ""}}, {"model": "admin.logentry", "pk": 39, "fields": {"action_time": "2019-07-06T05:14:53.800Z", "user": 1, "content_type": 10, "object_id": "28", "object_repr": "2 \u2715 Dell XPS 15 for None", "action_flag": 3, "change_message": ""}}, {"model": "admin.logentry", "pk": 40, "fields": {"action_time": "2019-07-06T05:14:53.808Z", "user": 1, "content_type": 10, "object_id": "27", "object_repr": "1 \u2715 Gn-131 for None", "action_flag": 3, "change_message": ""}}, {"model": "admin.logentry", "pk": 41, "fields": {"action_time": "2019-07-06T05:14:53.816Z", "user": 1, "content_type": 10, "object_id": "26", "object_repr": "2 \u2715 Tobii H-11 for None", "action_flag": 3, "change_message": ""}}, {"model": "admin.logentry", "pk": 42, "fields": {"action_time": "2019-07-06T05:14:53.823Z", "user": 1, "content_type": 10, "object_id": "25", "object_repr": "1 \u2715 Gn-131 for None", "action_flag": 3, "change_message": ""}}, {"model": "admin.logentry", "pk": 43, "fields": {"action_time": "2019-07-06T05:14:53.831Z", "user": 1, "content_type": 10, "object_id": "24", "object_repr": "2 \u2715 Tobii H-11 for None", "action_flag": 3, "change_message": ""}}, {"model": "admin.logentry", "pk": 44, "fields": {"action_time": "2019-07-06T05:14:53.839Z", "user": 1, "content_type": 10, "object_id": "23", "object_repr": "1 \u2715 Gn-131 for Victor at Killo 110", "action_flag": 3, "change_message": ""}}, {"model": "admin.logentry", "pk": 45, "fields": {"action_time": "2019-07-06T05:14:53.848Z", "user": 1, "content_type": 10, "object_id": "22", "object_repr": "2 \u2715 Tobii H-11 for Victor at Killo 110", "action_flag": 3, "change_message": ""}}, {"model": "admin.logentry", "pk": 46, "fields": {"action_time": "2019-07-06T05:14:53.855Z", "user": 1, "content_type": 10, "object_id": "21", "object_repr": "1 \u2715 Samsung S10 for Victor at Massy 60", "action_flag": 3, "change_message": ""}}, {"model": "admin.logentry", "pk": 47, "fields": {"action_time": "2019-07-06T05:14:53.864Z", "user": 1, "content_type": 10, "object_id": "20", "object_repr": "2 \u2715 Macbook Pro for Victor at Massy 60", "action_flag": 3, "change_message": ""}}, {"model": "admin.logentry", "pk": 48, "fields": {"action_time": "2019-07-06T05:14:53.872Z", "user": 1, "content_type": 10, "object_id": "19", "object_repr": "1 \u2715 Samsung S10 for Victor at Massy 60", "action_flag": 3, "change_message": ""}}, {"model": "admin.logentry", "pk": 49, "fields": {"action_time": "2019-07-06T05:14:53.879Z", "user": 1, "content_type": 10, "object_id": "18", "object_repr": "2 \u2715 Macbook Pro for Victor at Massy 60", "action_flag": 3, "change_message": ""}}, {"model": "admin.logentry", "pk": 50, "fields": {"action_time": "2019-07-06T05:14:53.887Z", "user": 1, "content_type": 10, "object_id": "17", "object_repr": "1 \u2715 Samsung S10 for None", "action_flag": 3, "change_message": ""}}, {"model": "admin.logentry", "pk": 51, "fields": {"action_time": "2019-07-06T05:14:53.895Z", "user": 1, "content_type": 10, "object_id": "16", "object_repr": "2 \u2715 Macbook Pro for None", "action_flag": 3, "change_message": ""}}, {"model": "admin.logentry", "pk": 52, "fields": {"action_time": "2019-07-06T05:14:53.902Z", "user": 1, "content_type": 10, "object_id": "15", "object_repr": "1 \u2715 Samsung S10 for None", "action_flag": 3, "change_message": ""}}, {"model": "admin.logentry", "pk": 53, "fields": {"action_time": "2019-07-06T05:14:53.910Z", "user": 1, "content_type": 10, "object_id": "14", "object_repr": "2 \u2715 Macbook Pro for None", "action_flag": 3, "change_message": ""}}, {"model": "admin.logentry", "pk": 54, "fields": {"action_time": "2019-07-06T05:14:53.918Z", "user": 1, "content_type": 10, "object_id": "13", "object_repr": "1 \u2715 Samsung S10 for None", "action_flag": 3, "change_message": ""}}, {"model": "admin.logentry", "pk": 55, "fields": {"action_time": "2019-07-06T05:14:53.926Z", "user": 1, "content_type": 10, "object_id": "12", "object_repr": "2 \u2715 Macbook Pro for None", "action_flag": 3, "change_message": ""}}, {"model": "admin.logentry", "pk": 56, "fields": {"action_time": "2019-07-06T05:14:53.935Z", "user": 1, "content_type": 10, "object_id": "11", "object_repr": "1 \u2715 Samsung S10 for None", "action_flag": 3, "change_message": ""}}, {"model": "admin.logentry", "pk": 57, "fields": {"action_time": "2019-07-06T05:14:53.942Z", "user": 1, "content_type": 10, "object_id": "10", "object_repr": "2 \u2715 Macbook Pro for None", "action_flag": 3, "change_message": ""}}, {"model": "admin.logentry", "pk": 58, "fields": {"action_time": "2019-07-06T05:14:53.950Z", "user": 1, "content_type": 10, "object_id": "9", "object_repr": "1 \u2715 Samsung S10 for None", "action_flag": 3, "change_message": ""}}, {"model": "admin.logentry", "pk": 59, "fields": {"action_time": "2019-07-06T05:14:53.959Z", "user": 1, "content_type": 10, "object_id": "8", "object_repr": "2 \u2715 Macbook Pro for None", "action_flag": 3, "change_message": ""}}, {"model": "admin.logentry", "pk": 60, "fields": {"action_time": "2019-07-06T05:14:53.967Z", "user": 1, "content_type": 10, "object_id": "7", "object_repr": "1 \u2715 Surface for None", "action_flag": 3, "change_message": ""}}, {"model": "admin.logentry", "pk": 61, "fields": {"action_time": "2019-07-06T05:14:53.975Z", "user": 1, "content_type": 10, "object_id": "6", "object_repr": "2 \u2715 Dell XPS 15 for None", "action_flag": 3, "change_message": ""}}, {"model": "admin.logentry", "pk": 62, "fields": {"action_time": "2019-07-06T05:14:53.983Z", "user": 1, "content_type": 10, "object_id": "5", "object_repr": "4 \u2715 iPhone XS for None", "action_flag": 3, "change_message": ""}}, {"model": "admin.logentry", "pk": 63, "fields": {"action_time": "2019-07-06T05:14:53.992Z", "user": 1, "content_type": 10, "object_id": "4", "object_repr": "3 \u2715 Dell XPS 15 for Vici at Filler 22", "action_flag": 3, "change_message": ""}}, {"model": "admin.logentry", "pk": 64, "fields": {"action_time": "2019-07-06T05:14:54.000Z", "user": 1, "content_type": 10, "object_id": "3", "object_repr": "1 \u2715 Samsung S10 for Vici at Filler 22", "action_flag": 3, "change_message": ""}}, {"model": "admin.logentry", "pk": 65, "fields": {"action_time": "2019-07-06T05:14:54.009Z", "user": 1, "content_type": 10, "object_id": "2", "object_repr": "1 \u2715 Macbook Pro for Victor at Koshkina 13", "action_flag": 3, "change_message": ""}}, {"model": "admin.logentry", "pk": 66, "fields": {"action_time": "2019-07-06T05:14:54.017Z", "user": 1, "content_type": 10, "object_id": "1", "object_repr": "2 \u2715 iPhone XS for Victor at Koshkina 13", "action_flag": 3, "change_message": ""}}, {"model": "admin.logentry", "pk": 67, "fields": {"action_time": "2019-07-06T05:15:04.593Z", "user": 1, "content_type": 9, "object_id": "19", "object_repr": "Victor at Morgan 8", "action_flag": 3, "change_message": ""}}, {"model": "admin.logentry", "pk": 68, "fields": {"action_time": "2019-07-06T05:15:04.601Z", "user": 1, "content_type": 9, "object_id": "18", "object_repr": "Victor at Morgan 9", "action_flag": 3, "change_message": ""}}, {"model": "admin.logentry", "pk": 69, "fields": {"action_time": "2019-07-06T05:15:04.634Z", "user": 1, "content_type": 9, "object_id": "17", "object_repr": "Victor at Morgan 11", "action_flag": 3, "change_message": ""}}, {"model": "admin.logentry", "pk": 70, "fields": {"action_time": "2019-07-06T05:15:04.641Z", "user": 1, "content_type": 9, "object_id": "16", "object_repr": "Victor at Morgan 15", "action_flag": 3, "change_message": ""}}, {"model": "admin.logentry", "pk": 71, "fields": {"action_time": "2019-07-06T05:15:04.648Z", "user": 1, "content_type": 9, "object_id": "15", "object_repr": "Victor at Morgan 14", "action_flag": 3, "change_message": ""}}, {"model": "admin.logentry", "pk": 72, "fields": {"action_time": "2019-07-06T05:15:04.659Z", "user": 1, "content_type": 9, "object_id": "14", "object_repr": "Victor at tt 110", "action_flag": 3, "change_message": ""}}, {"model": "admin.logentry", "pk": 73, "fields": {"action_time": "2019-07-06T05:15:04.665Z", "user": 1, "content_type": 9, "object_id": "13", "object_repr": "Victor at Hio 110", "action_flag": 3, "change_message": ""}}, {"model": "admin.logentry", "pk": 74, "fields": {"action_time": "2019-07-06T05:15:04.672Z", "user": 1, "content_type": 9, "object_id": "12", "object_repr": "Victor at Killo 110", "action_flag": 3, "change_message": ""}}, {"model": "admin.logentry", "pk": 75, "fields": {"action_time": "2019-07-06T05:15:04.680Z", "user": 1, "content_type": 9, "object_id": "11", "object_repr": "Victor at Massy 60", "action_flag": 3, "change_message": ""}}, {"model": "admin.logentry", "pk": 76, "fields": {"action_time": "2019-07-06T05:15:04.688Z", "user": 1, "content_type": 9, "object_id": "10", "object_repr": "Victor at Massy 60", "action_flag": 3, "change_message": ""}}, {"model": "admin.logentry", "pk": 77, "fields": {"action_time": "2019-07-06T05:15:04.696Z", "user": 1, "content_type": 9, "object_id": "9", "object_repr": "Victor at Massy 67", "action_flag": 3, "change_message": ""}}, {"model": "admin.logentry", "pk": 78, "fields": {"action_time": "2019-07-06T05:15:04.703Z", "user": 1, "content_type": 9, "object_id": "8", "object_repr": "Victor at Iolly 90", "action_flag": 3, "change_message": ""}}, {"model": "admin.logentry", "pk": 79, "fields": {"action_time": "2019-07-06T05:15:04.711Z", "user": 1, "content_type": 9, "object_id": "7", "object_repr": "Victor at Burma 56", "action_flag": 3, "change_message": ""}}, {"model": "admin.logentry", "pk": 80, "fields": {"action_time": "2019-07-06T05:15:04.718Z", "user": 1, "content_type": 9, "object_id": "6", "object_repr": "Victor at Yoki 44", "action_flag": 3, "change_message": ""}}, {"model": "admin.logentry", "pk": 81, "fields": {"action_time": "2019-07-06T05:15:04.726Z", "user": 1, "content_type": 9, "object_id": "5", "object_repr": "Victor at Kiki 22", "action_flag": 3, "change_message": ""}}, {"model": "admin.logentry", "pk": 82, "fields": {"action_time": "2019-07-06T05:15:04.734Z", "user": 1, "content_type": 9, "object_id": "4", "object_repr": "Parasha Petrovna at New York 13-1-1173", "action_flag": 3, "change_message": ""}}, {"model": "admin.logentry", "pk": 83, "fields": {"action_time": "2019-07-06T05:15:04.742Z", "user": 1, "content_type": 9, "object_id": "3", "object_repr": "Victor at Koshka 11", "action_flag": 3, "change_message": ""}}, {"model": "admin.logentry", "pk": 84, "fields": {"action_time": "2019-07-06T05:15:04.749Z", "user": 1, "content_type": 9, "object_id": "2", "object_repr": "Vici at Filler 22", "action_flag": 3, "change_message": ""}}, {"model": "admin.logentry", "pk": 85, "fields": {"action_time": "2019-07-06T05:15:04.757Z", "user": 1, "content_type": 9, "object_id": "1", "object_repr": "Victor at Koshkina 13", "action_flag": 3, "change_message": ""}}, {"model": "admin.logentry", "pk": 86, "fields": {"action_time": "2019-07-06T05:15:50.935Z", "user": 1, "content_type": 6, "object_id": "20", "object_repr": "yasha@mail.ru", "action_flag": 3, "change_message": ""}}, {"model": "admin.logentry", "pk": 87, "fields": {"action_time": "2019-07-06T05:15:50.946Z", "user": 1, "content_type": 6, "object_id": "18", "object_repr": "kasha@mail.ru", "action_flag": 3, "change_message": ""}}, {"model": "admin.logentry", "pk": 88, "fields": {"action_time": "2019-07-06T05:15:50.981Z", "user": 1, "content_type": 6, "object_id": "17", "object_repr": "rasha@mail.ru", "action_flag": 3, "change_message": ""}}, {"model": "admin.logentry", "pk": 89, "fields": {"action_time": "2019-07-06T05:15:50.988Z", "user": 1, "content_type": 6, "object_id": "16", "object_repr": "vasha@mail.ru", "action_flag": 3, "change_message": ""}}, {"model": "admin.logentry", "pk": 90, "fields": {"action_time": "2019-07-06T05:15:50.996Z", "user": 1, "content_type": 6, "object_id": "15", "object_repr": "lasha@mail.ru", "action_flag": 3, "change_message": ""}}, {"model": "admin.logentry", "pk": 91, "fields": {"action_time": "2019-07-06T05:15:51.004Z", "user": 1, "content_type": 6, "object_id": "14", "object_repr": "glasha@mail.ru", "action_flag": 3, "change_message": ""}}, {"model": "admin.logentry", "pk": 92, "fields": {"action_time": "2019-07-06T05:15:51.011Z", "user": 1, "content_type": 6, "object_id": "13", "object_repr": "maria@mail.ru", "action_flag": 3, "change_message": ""}}, {"model": "admin.logentry", "pk": 93, "fields": {"action_time": "2019-07-06T05:15:51.019Z", "user": 1, "content_type": 6, "object_id": "12", "object_repr": "bob@mail.ru", "action_flag": 3, "change_message": ""}}, {"model": "admin.logentry", "pk": 94, "fields": {"action_time": "2019-07-06T05:15:51.026Z", "user": 1, "content_type": 6, "object_id": "11", "object_repr": "buba@mail.ru", "action_flag": 3, "change_message": ""}}, {"model": "admin.logentry", "pk": 95, "fields": {"action_time": "2019-07-06T05:15:51.034Z", "user": 1, "content_type": 6, "object_id": "10", "object_repr": "bravi@mail.ru", "action_flag": 3, "change_message": ""}}, {"model": "admin.logentry", "pk": 96, "fields": {"action_time": "2019-07-06T05:15:51.041Z", "user": 1, "content_type": 6, "object_id": "9", "object_repr": "bomba@mail.ru", "action_flag": 3, "change_message": ""}}, {"model": "admin.logentry", "pk": 97, "fields": {"action_time": "2019-07-06T05:15:51.049Z", "user": 1, "content_type": 6, "object_id": "8", "object_repr": "fun@mail.ru", "action_flag": 3, "change_message": ""}}, {"model": "admin.logentry", "pk": 98, "fields": {"action_time": "2019-07-06T05:15:51.057Z", "user": 1, "content_type": 6, "object_id": "7", "object_repr": "kuna@mail.ru", "action_flag": 3, "change_message": ""}}, {"model": "admin.logentry", "pk": 99, "fields": {"action_time": "2019-07-06T05:15:51.065Z", "user": 1, "content_type": 6, "object_id": "6", "object_repr": "kuda@mail.ru", "action_flag": 3, "change_message": ""}}, {"model": "admin.logentry", "pk": 100, "fields": {"action_time": "2019-07-06T05:15:51.073Z", "user": 1, "content_type": 6, "object_id": "5", "object_repr": "kuba@mail.ru", "action_flag": 3, "change_message": ""}}, {"model": "admin.logentry", "pk": 101, "fields": {"action_time": "2019-07-06T05:15:51.081Z", "user": 1, "content_type": 6, "object_id": "4", "object_repr": "nort88@mail.ru", "action_flag": 3, "change_message": ""}}, {"model": "admin.logentry", "pk": 102, "fields": {"action_time": "2019-07-06T05:15:51.090Z", "user": 1, "content_type": 6, "object_id": "3", "object_repr": "ripsodi@gmail.com", "action_flag": 3, "change_message": ""}}, {"model": "admin.logentry", "pk": 103, "fields": {"action_time": "2019-07-06T05:15:51.098Z", "user": 1, "content_type": 6, "object_id": "2", "object_repr": "n@gmail.com", "action_flag": 3, "change_message": ""}}, {"model": "admin.logentry", "pk": 104, "fields": {"action_time": "2019-07-06T08:25:48.409Z", "user": 1, "content_type": 9, "object_id": "50", "object_repr": "Victor at \u0432\u043f\u0432", "action_flag": 3, "change_message": ""}}, {"model": "admin.logentry", "pk": 105, "fields": {"action_time": "2019-07-06T08:25:48.418Z", "user": 1, "content_type": 9, "object_id": "49", "object_repr": "Victor at \u0430\u043f", "action_flag": 3, "change_message": ""}}, {"model": "admin.logentry", "pk": 106, "fields": {"action_time": "2019-07-06T08:25:48.425Z", "user": 1, "content_type": 9, "object_id": "48", "object_repr": "Victor at \u0430\u0430\u0430", "action_flag": 3, "change_message": ""}}, {"model": "admin.logentry", "pk": 107, "fields": {"action_time": "2019-07-06T08:25:48.432Z", "user": 1, "content_type": 9, "object_id": "47", "object_repr": "Victor at dfg", "action_flag": 3, "change_message": ""}}, {"model": "admin.logentry", "pk": 108, "fields": {"action_time": "2019-07-06T08:25:48.440Z", "user": 1, "content_type": 9, "object_id": "46", "object_repr": "Victor at dfg", "action_flag": 3, "change_message": ""}}, {"model": "admin.logentry", "pk": 109, "fields": {"action_time": "2019-07-06T08:25:48.447Z", "user": 1, "content_type": 9, "object_id": "45", "object_repr": "Victor at dfg", "action_flag": 3, "change_message": ""}}, {"model": "admin.logentry", "pk": 110, "fields": {"action_time": "2019-07-06T08:25:48.456Z", "user": 1, "content_type": 9, "object_id": "44", "object_repr": "Victor at rr", "action_flag": 3, "change_message": ""}}, {"model": "admin.logentry", "pk": 111, "fields": {"action_time": "2019-07-06T08:25:48.464Z", "user": 1, "content_type": 9, "object_id": "43", "object_repr": "Victor at rr", "action_flag": 3, "change_message": ""}}, {"model": "admin.logentry", "pk": 112, "fields": {"action_time": "2019-07-06T08:25:48.472Z", "user": 1, "content_type": 9, "object_id": "42", "object_repr": "Victor at rr", "action_flag": 3, "change_message": ""}}, {"model": "admin.logentry", "pk": 113, "fields": {"action_time": "2019-07-06T08:25:48.481Z", "user": 1, "content_type": 9, "object_id": "41", "object_repr": "Victor at rr", "action_flag": 3, "change_message": ""}}, {"model": "admin.logentry", "pk": 114, "fields": {"action_time": "2019-07-06T08:25:48.490Z", "user": 1, "content_type": 9, "object_id": "40", "object_repr": "Victor at 565", "action_flag": 3, "change_message": ""}}, {"model": "admin.logentry", "pk": 115, "fields": {"action_time": "2019-07-06T08:25:48.497Z", "user": 1, "content_type": 9, "object_id": "39", "object_repr": "Victor at 565", "action_flag": 3, "change_message": ""}}, {"model": "admin.logentry", "pk": 116, "fields": {"action_time": "2019-07-06T08:25:48.505Z", "user": 1, "content_type": 9, "object_id": "38", "object_repr": "Victor at 565", "action_flag": 3, "change_message": ""}}, {"model": "admin.logentry", "pk": 117, "fields": {"action_time": "2019-07-06T08:25:48.512Z", "user": 1, "content_type": 9, "object_id": "37", "object_repr": "Victor at 565", "action_flag": 3, "change_message": ""}}, {"model": "admin.logentry", "pk": 118, "fields": {"action_time": "2019-07-06T08:25:48.520Z", "user": 1, "content_type": 9, "object_id": "36", "object_repr": "Victor at Bukka 11", "action_flag": 3, "change_message": ""}}, {"model": "admin.logentry", "pk": 119, "fields": {"action_time": "2019-07-06T08:25:48.527Z", "user": 1, "content_type": 9, "object_id": "35", "object_repr": "Victor at Bukka 11", "action_flag": 3, "change_message": ""}}, {"model": "admin.logentry", "pk": 120, "fields": {"action_time": "2019-07-06T08:25:48.535Z", "user": 1, "content_type": 9, "object_id": "34", "object_repr": "Victor at Bukka 11", "action_flag": 3, "change_message": ""}}, {"model": "admin.logentry", "pk": 121, "fields": {"action_time": "2019-07-06T08:25:48.542Z", "user": 1, "content_type": 9, "object_id": "33", "object_repr": "Victor at Bukka 11", "action_flag": 3, "change_message": ""}}, {"model": "admin.logentry", "pk": 122, "fields": {"action_time": "2019-07-06T08:25:48.550Z", "user": 1, "content_type": 9, "object_id": "32", "object_repr": "Victor at Bukka 11", "action_flag": 3, "change_message": ""}}, {"model": "admin.logentry", "pk": 123, "fields": {"action_time": "2019-07-06T08:25:48.558Z", "user": 1, "content_type": 9, "object_id": "31", "object_repr": "Victor at 23", "action_flag": 3, "change_message": ""}}, {"model": "admin.logentry", "pk": 124, "fields": {"action_time": "2019-07-06T08:25:48.565Z", "user": 1, "content_type": 9, "object_id": "30", "object_repr": "Victor at 12", "action_flag": 3, "change_message": ""}}, {"model": "admin.logentry", "pk": 125, "fields": {"action_time": "2019-07-06T08:25:48.573Z", "user": 1, "content_type": 9, "object_id": "29", "object_repr": "Victor at Ula 12", "action_flag": 3, "change_message": ""}}, {"model": "admin.logentry", "pk": 126, "fields": {"action_time": "2019-07-06T08:25:48.581Z", "user": 1, "content_type": 9, "object_id": "28", "object_repr": "Victor at Ula 12", "action_flag": 3, "change_message": ""}}, {"model": "admin.logentry", "pk": 127, "fields": {"action_time": "2019-07-06T08:25:48.589Z", "user": 1, "content_type": 9, "object_id": "27", "object_repr": "Victor at Ula 12", "action_flag": 3, "change_message": ""}}, {"model": "admin.logentry", "pk": 128, "fields": {"action_time": "2019-07-06T08:25:48.597Z", "user": 1, "content_type": 9, "object_id": "26", "object_repr": "Victor at Ula 12", "action_flag": 3, "change_message": ""}}, {"model": "admin.logentry", "pk": 129, "fields": {"action_time": "2019-07-06T08:25:48.604Z", "user": 1, "content_type": 9, "object_id": "25", "object_repr": "Victor at Ula 12", "action_flag": 3, "change_message": ""}}, {"model": "admin.logentry", "pk": 130, "fields": {"action_time": "2019-07-06T08:25:48.612Z", "user": 1, "content_type": 9, "object_id": "24", "object_repr": "Victor at Bojo 13-3", "action_flag": 3, "change_message": ""}}, {"model": "admin.logentry", "pk": 131, "fields": {"action_time": "2019-07-06T08:25:48.619Z", "user": 1, "content_type": 9, "object_id": "23", "object_repr": "Victor at Bojo 13-3", "action_flag": 3, "change_message": ""}}, {"model": "admin.logentry", "pk": 132, "fields": {"action_time": "2019-07-06T08:25:48.627Z", "user": 1, "content_type": 9, "object_id": "22", "object_repr": "Victor at Bojo 13-3", "action_flag": 3, "change_message": ""}}, {"model": "admin.logentry", "pk": 133, "fields": {"action_time": "2019-07-06T09:07:59.423Z", "user": 1, "content_type": 9, "object_id": "64", "object_repr": "Victor at 1233", "action_flag": 3, "change_message": ""}}, {"model": "admin.logentry", "pk": 134, "fields": {"action_time": "2019-07-06T09:07:59.433Z", "user": 1, "content_type": 9, "object_id": "63", "object_repr": "Victor at \u0432\u0432\u0443", "action_flag": 3, "change_message": ""}}, {"model": "admin.logentry", "pk": 135, "fields": {"action_time": "2019-07-06T09:07:59.441Z", "user": 1, "content_type": 9, "object_id": "62", "object_repr": "Victor at \u0432\u0432", "action_flag": 3, "change_message": ""}}, {"model": "admin.logentry", "pk": 136, "fields": {"action_time": "2019-07-06T09:07:59.461Z", "user": 1, "content_type": 9, "object_id": "61", "object_repr": "Victor at \u0432\u0432", "action_flag": 3, "change_message": ""}}, {"model": "admin.logentry", "pk": 137, "fields": {"action_time": "2019-07-06T09:07:59.468Z", "user": 1, "content_type": 9, "object_id": "60", "object_repr": "Victor at \u0430\u0432\u0432", "action_flag": 3, "change_message": ""}}, {"model": "admin.logentry", "pk": 138, "fields": {"action_time": "2019-07-06T09:07:59.476Z", "user": 1, "content_type": 9, "object_id": "59", "object_repr": "Victor at \u0430\u0432\u0432", "action_flag": 3, "change_message": ""}}, {"model": "admin.logentry", "pk": 139, "fields": {"action_time": "2019-07-06T09:07:59.483Z", "user": 1, "content_type": 9, "object_id": "58", "object_repr": "Victor at \u0430\u043033", "action_flag": 3, "change_message": ""}}, {"model": "admin.logentry", "pk": 140, "fields": {"action_time": "2019-07-06T09:07:59.491Z", "user": 1, "content_type": 9, "object_id": "57", "object_repr": "Victor at \u0430\u043033", "action_flag": 3, "change_message": ""}}, {"model": "admin.logentry", "pk": 141, "fields": {"action_time": "2019-07-06T09:07:59.498Z", "user": 1, "content_type": 9, "object_id": "56", "object_repr": "Victor at \u0430\u043033", "action_flag": 3, "change_message": ""}}, {"model": "admin.logentry", "pk": 142, "fields": {"action_time": "2019-07-06T09:07:59.505Z", "user": 1, "content_type": 9, "object_id": "55", "object_repr": "Victor at \u0430\u043033", "action_flag": 3, "change_message": ""}}, {"model": "admin.logentry", "pk": 143, "fields": {"action_time": "2019-07-06T09:07:59.512Z", "user": 1, "content_type": 9, "object_id": "54", "object_repr": "Victor at \u043e\u0430\u0430", "action_flag": 3, "change_message": ""}}, {"model": "admin.logentry", "pk": 144, "fields": {"action_time": "2019-07-06T09:07:59.519Z", "user": 1, "content_type": 9, "object_id": "53", "object_repr": "Victor at \u043e", "action_flag": 3, "change_message": ""}}, {"model": "admin.logentry", "pk": 145, "fields": {"action_time": "2019-07-06T09:07:59.527Z", "user": 1, "content_type": 9, "object_id": "52", "object_repr": "Victor at 1233", "action_flag": 3, "change_message": ""}}, {"model": "admin.logentry", "pk": 146, "fields": {"action_time": "2019-07-06T09:07:59.534Z", "user": 1, "content_type": 9, "object_id": "51", "object_repr": "Victor at 123", "action_flag": 3, "change_message": ""}}, {"model": "admin.logentry", "pk": 147, "fields": {"action_time": "2019-07-06T09:07:59.542Z", "user": 1, "content_type": 9, "object_id": "21", "object_repr": "Victor at Filan 887", "action_flag": 3, "change_message": ""}}, {"model": "admin.logentry", "pk": 148, "fields": {"action_time": "2019-07-06T09:07:59.549Z", "user": 1, "content_type": 9, "object_id": "20", "object_repr": "Victor at Pollo 5", "action_flag": 3, "change_message": ""}}, {"model": "admin.logentry", "pk": 149, "fields": {"action_time": "2019-07-06T10:17:09.593Z", "user": 1, "content_type": 8, "object_id": "9", "object_repr": "Phonema 5uv", "action_flag": 1, "change_message": "[{\"added\": {}}]"}}, {"model": "admin.logentry", "pk": 150, "fields": {"action_time": "2019-07-06T13:54:41.919Z", "user": 1, "content_type": 8, "object_id": "9", "object_repr": "Phonema 5uv", "action_flag": 2, "change_message": "[{\"changed\": {\"fields\": [\"category\"]}}]"}}, {"model": "admin.logentry", "pk": 151, "fields": {"action_time": "2019-07-06T13:54:45.688Z", "user": 1, "content_type": 8, "object_id": "7", "object_repr": "Surface", "action_flag": 2, "change_message": "[]"}}, {"model": "admin.logentry", "pk": 152, "fields": {"action_time": "2019-07-06T13:54:51.053Z", "user": 1, "content_type": 8, "object_id": "6", "object_repr": "Tobii H-11", "action_flag": 2, "change_message": "[{\"changed\": {\"fields\": [\"category\"]}}]"}}, {"model": "admin.logentry", "pk": 153, "fields": {"action_time": "2019-07-06T13:55:01.405Z", "user": 1, "content_type": 8, "object_id": "5", "object_repr": "Gn-131", "action_flag": 2, "change_message": "[{\"changed\": {\"fields\": [\"category\"]}}]"}}, {"model": "admin.logentry", "pk": 154, "fields": {"action_time": "2019-07-06T13:55:14.614Z", "user": 1, "content_type": 7, "object_id": "2", "object_repr": "Phone", "action_flag": 2, "change_message": "[{\"changed\": {\"fields\": [\"name\"]}}]"}}, {"model": "admin.logentry", "pk": 155, "fields": {"action_time": "2019-07-06T13:55:16.614Z", "user": 1, "content_type": 8, "object_id": "4", "object_repr": "Samsung S10", "action_flag": 2, "change_message": "[{\"changed\": {\"fields\": [\"category\"]}}]"}}, {"model": "admin.logentry", "pk": 156, "fields": {"action_time": "2019-07-06T13:55:32.667Z", "user": 1, "content_type": 8, "object_id": "1", "object_repr": "iPhone XS", "action_flag": 2, "change_message": "[{\"changed\": {\"fields\": [\"category\"]}}]"}}, {"model": "admin.logentry", "pk": 157, "fields": {"action_time": "2019-07-07T10:20:24.873Z", "user": 1, "content_type": 7, "object_id": "5", "object_repr": "Printers", "action_flag": 1, "change_message": "[{\"added\": {}}]"}}, {"model": "admin.logentry", "pk": 158, "fields": {"action_time": "2019-07-07T10:21:32.733Z", "user": 1, "content_type": 8, "object_id": "10", "object_repr": "Canon Pixma MG3670", "action_flag": 1, "change_message": "[{\"added\": {}}]"}}, {"model": "admin.logentry", "pk": 159, "fields": {"action_time": "2019-07-07T10:22:44.944Z", "user": 1, "content_type": 8, "object_id": "11", "object_repr": "HP OfficeJet Pro 6978", "action_flag": 1, "change_message": "[{\"added\": {}}]"}}, {"model": "admin.logentry", "pk": 160, "fields": {"action_time": "2019-07-07T10:26:59.822Z", "user": 1, "content_type": 8, "object_id": "9", "object_repr": "Phonema 5uv", "action_flag": 2, "change_message": "[{\"changed\": {\"fields\": [\"description\"]}}]"}}, {"model": "admin.logentry", "pk": 161, "fields": {"action_time": "2019-07-07T10:27:57.583Z", "user": 1, "content_type": 8, "object_id": "9", "object_repr": "Phonema 5uv", "action_flag": 2, "change_message": "[{\"changed\": {\"fields\": [\"description\"]}}]"}}, {"model": "admin.logentry", "pk": 162, "fields": {"action_time": "2019-07-07T10:30:30.138Z", "user": 1, "content_type": 8, "object_id": "12", "object_repr": "TomTom GO 520", "action_flag": 1, "change_message": "[{\"added\": {}}]"}}, {"model": "admin.logentry", "pk": 163, "fields": {"action_time": "2019-07-07T10:30:50.903Z", "user": 1, "content_type": 8, "object_id": "12", "object_repr": "TomTom GO 520", "action_flag": 2, "change_message": "[{\"changed\": {\"fields\": [\"description\"]}}]"}}, {"model": "admin.logentry", "pk": 164, "fields": {"action_time": "2019-07-07T10:32:27.891Z", "user": 1, "content_type": 7, "object_id": "3", "object_repr": "Watch", "action_flag": 2, "change_message": "[{\"changed\": {\"fields\": [\"name\", \"description\"]}}]"}}, {"model": "admin.logentry", "pk": 165, "fields": {"action_time": "2019-07-07T10:33:55.250Z", "user": 1, "content_type": 8, "object_id": "13", "object_repr": "Fitbit Versa", "action_flag": 1, "change_message": "[{\"added\": {}}]"}}, {"model": "admin.logentry", "pk": 166, "fields": {"action_time": "2019-07-07T12:45:15.030Z", "user": 1, "content_type": 6, "object_id": "22", "object_repr": "v.a.brajnikova@gmail.com", "action_flag": 3, "change_message": ""}}, {"model": "admin.logentry", "pk": 167, "fields": {"action_time": "2019-07-07T12:45:15.039Z", "user": 1, "content_type": 6, "object_id": "21", "object_repr": "babka@mail.ru", "action_flag": 3, "change_message": ""}}, {"model": "admin.logentry", "pk": 168, "fields": {"action_time": "2019-07-07T12:45:15.047Z", "user": 1, "content_type": 6, "object_id": "19", "object_repr": "parasha@mail.ru", "action_flag": 3, "change_message": ""}}]